Metric,SingleModel,weekBatchRetrain
TotalGames,1231.0,1206.0
CorrectPredictions,994.0,842.0
Accuracy,0.8074735987002437,0.6981757877280266
AverageSpreadError,6.985296506904955,8.40190713101161
