Metric,SingleModel,weekBatchRetrain
TotalGames,367.0,342.0
CorrectPredictions,324.0,245.0
Accuracy,0.8828337874659401,0.716374269005848
AverageSpreadError,4.688283378746593,7.329824561403509
