Metric,SingleModel,weekBatchRetrain
TotalGames,1234.0,1209.0
CorrectPredictions,993.0,831.0
Accuracy,0.8047001620745543,0.6873449131513648
AverageSpreadError,6.987844408427877,8.42861869313482
