Metric,SingleModel,weekBatchRetrain
TotalGames,1247.0,1222.0
CorrectPredictions,993.0,862.0
Accuracy,0.7963111467522053,0.7054009819967266
AverageSpreadError,6.796712109061748,8.34885433715221
