Metric,SingleModel,weekBatchRetrain
TotalGames,1243.0,1218.0
CorrectPredictions,1004.0,851.0
Accuracy,0.8077232502011263,0.6986863711001642
AverageSpreadError,6.917940466613033,8.294909688013137
