Metric,SingleModel,weekBatchRetrain
TotalGames,1251.0,1226.0
CorrectPredictions,1012.0,838.0
Accuracy,0.8089528377298162,0.6835236541598695
AverageSpreadError,7.01726618705036,8.35269168026101
