Metric,SingleModel,weekBatchRetrain
TotalGames,367.0,342.0
CorrectPredictions,319.0,248.0
Accuracy,0.8692098092643051,0.7251461988304093
AverageSpreadError,4.805722070844686,7.294736842105264
