Metric,SingleModel,weekBatchRetrain
TotalGames,1257.0,1232.0
CorrectPredictions,1008.0,854.0
Accuracy,0.801909307875895,0.6931818181818182
AverageSpreadError,6.980350039777247,8.365827922077923
