Metric,SingleModel,weekBatchRetrain
TotalGames,1240.0,1215.0
CorrectPredictions,1000.0,840.0
Accuracy,0.8064516129032258,0.691358024691358
AverageSpreadError,6.903306451612903,8.322057613168724
