Metric,SingleModel,weekBatchRetrain
TotalGames,1237.0,1212.0
CorrectPredictions,988.0,839.0
Accuracy,0.7987065481002426,0.6922442244224423
AverageSpreadError,7.036620856911883,8.280115511551156
