Metric,SingleModel,weekBatchRetrain
TotalGames,1253.0,1228.0
CorrectPredictions,1015.0,862.0
Accuracy,0.8100558659217877,0.7019543973941368
AverageSpreadError,6.94684756584198,8.280618892508144
