Metric,SingleModel,weekBatchRetrain
TotalGames,1229.0,1204.0
CorrectPredictions,995.0,826.0
Accuracy,0.8096013018714402,0.686046511627907
AverageSpreadError,6.954678600488201,8.357558139534884
